first_name,last_name,email
Halsey,Brimfield,hbrimfield0@wix.com
Ronica,Kinworthy,rkinworthy1@about.com
Lenee,Skala,lskala2@reverbnation.com
Barbara-anne,Reece,breece3@webmd.com
Ruthann,Oldcroft,roldcroft4@behance.net
Dodie,Mackie,dmackie5@time.com
Benoite,Elijah,belijah6@scientificamerican.com
Jasun,Heinonen,jheinonen7@salon.com
Mollie,Tallant,mtallant8@wiley.com
Paul,Cluckie,pcluckie9@about.com
Ev,Maso,emasoa@ca.gov
Hanni,Graffin,hgraffinb@nbcnews.com
Willy,MacDonnell,wmacdonnellc@unesco.org
Anton,Screaton,ascreatond@instagram.com
Zacharia,Blethyn,zblethyne@unc.edu
Sianna,Cotgrave,scotgravef@ebay.co.uk
Hector,Kivits,hkivitsg@ucsd.edu
Alethea,Kohen,akohenh@twitter.com
Nelli,Brooks,nbrooksi@livejournal.com
Gamaliel,Tremellier,gtremellierj@ftc.gov
Ferdinand,Palfreeman,fpalfreemank@ycombinator.com
Miranda,Fancott,mfancottl@rakuten.co.jp
Buddy,Flew,bflewm@sogou.com
Nico,Bezarra,nbezarran@cyberchimps.com
Elinore,Bagniuk,ebagniuko@miitbeian.gov.cn
Johannah,Beckey,jbeckeyp@google.de
Brandea,Cabral,bcabralq@wired.com
Sutton,Shinefield,sshinefieldr@wikipedia.org
Tanny,Deny,tdenys@nba.com
Gaelan,Wyldish,gwyldisht@intel.com
Federica,Roskelly,froskellyu@wikispaces.com
Christian,Poltone,cpoltonev@sitemeter.com
Andrei,Keynd,akeyndw@reverbnation.com
Andras,Ducker,aduckerx@youku.com
Cristina,Eyles,ceylesy@issuu.com
Barr,Stallard,bstallardz@yolasite.com
Deena,Piegrome,dpiegrome10@multiply.com
Freddy,Cowitz,fcowitz11@skype.com
Sabine,Maryman,smaryman12@themeforest.net
Kip,Danilovitch,kdanilovitch13@dyndns.org
Leigha,Hirthe,lhirthe14@google.de
Farr,McBrearty,fmcbrearty15@cloudflare.com
Angil,Sarfass,asarfass16@tinypic.com
Octavia,Hyder,ohyder17@npr.org
Marian,Face,mface18@quantcast.com
Georgie,Ghelarducci,gghelarducci19@godaddy.com
Coop,Wildin,cwildin1a@netscape.com
Talyah,Depka,tdepka1b@chron.com
Saudra,Wadge,swadge1c@nifty.com
Sela,Manoelli,smanoelli1d@abc.net.au
Teodoor,Greenhough,tgreenhough1e@a8.net
Ilaire,Ashwood,iashwood1f@businesswire.com
Vinnie,Peskett,vpeskett1g@jimdo.com
Bernie,Bog,bbog1h@netlog.com
Darb,Tulk,dtulk1i@home.pl
Lissy,Edgson,ledgson1j@example.com
Emelina,Garoghan,egaroghan1k@i2i.jp
Moselle,Busse,mbusse1l@facebook.com
Brigit,Davids,bdavids1m@clickbank.net
Prescott,Schleswig-Holstein,pschleswigholstein1n@vinaora.com
Leigh,D'Arrigo,ldarrigo1o@prlog.org
Gusella,Fetters,gfetters1p@xinhuanet.com
Calla,Corwood,ccorwood1q@seesaa.net
Mallory,Roper,mroper1r@oracle.com
Purcell,Sharrock,psharrock1s@census.gov
Francene,Charsley,fcharsley1t@mashable.com
Cecilia,Wanstall,cwanstall1u@howstuffworks.com
Luciano,Neve,lneve1v@hp.com
Teressa,Hamlet,thamlet1w@elegantthemes.com
Ophelie,Ambrois,oambrois1x@elpais.com
Anni,Rangall,arangall1y@themeforest.net
Guillemette,Streater,gstreater1z@who.int
Sebastien,Lowmass,slowmass20@biblegateway.com
Olvan,Danelutti,odanelutti21@japanpost.jp
Tarah,Everly,teverly22@cbc.ca
Amerigo,Ripper,aripper23@flavors.me
Leoline,Hazeup,lhazeup24@alibaba.com
Tiff,Delany,tdelany25@livejournal.com
Beilul,Huett,bhuett26@timesonline.co.uk
Dun,Rosiello,drosiello27@cloudflare.com
Hinda,Heap,hheap28@newsvine.com
Bronnie,Mogg,bmogg29@yale.edu
Issiah,Curlis,icurlis2a@un.org
Mei,Mertin,mmertin2b@themeforest.net
Lois,Bellhanger,lbellhanger2c@berkeley.edu
Darci,Rogers,drogers2d@over-blog.com
Elladine,Bennie,ebennie2e@biblegateway.com
Keven,Bavin,kbavin2f@blogs.com
Harcourt,Pentony,hpentony2g@marketwatch.com
Aubrie,Lippard,alippard2h@timesonline.co.uk
Cris,Late,clate2i@upenn.edu
Basilio,Osbaldeston,bosbaldeston2j@cpanel.net
Delmar,Wilcinskis,dwilcinskis2k@ft.com
Gillan,Paolo,gpaolo2l@vimeo.com
Carlie,Alsopp,calsopp2m@phoca.cz
Luca,Simak,lsimak2n@ibm.com
Cy,Collman,ccollman2o@squidoo.com
Willie,Pickburn,wpickburn2p@cyberchimps.com
Euphemia,Craise,ecraise2q@vinaora.com
Dorothee,Jossum,djossum2r@sitemeter.com
Desiri,Franzel,dfranzel2s@opera.com
Archie,Radwell,aradwell2t@cnbc.com
Olly,Trudgian,otrudgian2u@gov.uk
Chaunce,Itzakovitz,citzakovitz2v@spiegel.de
Charmian,Fidge,cfidge2w@yelp.com
Emilio,Pesterfield,epesterfield2x@nationalgeographic.com
Chrissie,Spurr,cspurr2y@constantcontact.com
Flory,Huddles,fhuddles2z@abc.net.au
Loren,Shurrocks,lshurrocks30@dailymotion.com
Zelma,Torrisi,ztorrisi31@examiner.com
Tammy,Aspel,taspel32@umich.edu
Albertine,Jills,ajills33@parallels.com
Myrtia,Rous,mrous34@360.cn
Bambie,Leamon,bleamon35@youtu.be
Johny,Malenfant,jmalenfant36@nationalgeographic.com
Rosalyn,Currm,rcurrm37@blogtalkradio.com
Hilliard,Eadmeades,headmeades38@marriott.com
Aloysius,Couronne,acouronne39@istockphoto.com
Caye,Stollhofer,cstollhofer3a@engadget.com
Sean,Dinsey,sdinsey3b@newyorker.com
Devora,Hubbart,dhubbart3c@1und1.de
Madge,Dobrowski,mdobrowski3d@yahoo.com
Antonie,Lemmertz,alemmertz3e@sina.com.cn
Carola,Garnar,cgarnar3f@mlb.com
Silvia,Hourihane,shourihane3g@i2i.jp
Billi,Lansly,blansly3h@arstechnica.com
Emera,Binley,ebinley3i@netvibes.com
Georgeanne,Muskett,gmuskett3j@netvibes.com
Derrick,Kull,dkull3k@intel.com
Datha,Zink,dzink3l@myspace.com
Winslow,Dinsey,wdinsey3m@techcrunch.com
Benito,Kiddey,bkiddey3n@alibaba.com
Tabbie,Drayton,tdrayton3o@google.fr
Jacobo,Huitt,jhuitt3p@marketwatch.com
Delbert,Joan,djoan3q@google.ru
Bobbye,Garling,bgarling3r@ustream.tv
Hadria,McMorran,hmcmorran3s@simplemachines.org
Roxine,Duiged,rduiged3t@google.co.jp
Heda,Oneil,honeil3u@samsung.com
Carina,Steuhlmeyer,csteuhlmeyer3v@nsw.gov.au
Raffaello,Edelston,redelston3w@spotify.com
Pammie,Malam,pmalam3x@freewebs.com
Traci,Bosman,tbosman3y@slashdot.org
Dame,Renol,drenol3z@mapquest.com
Harry,Martschik,hmartschik40@gravatar.com
Christian,Le Breton,clebreton41@sohu.com
Marylin,Penella,mpenella42@gizmodo.com
Carlee,Christer,cchrister43@sphinn.com
Natka,Pelos,npelos44@columbia.edu
Corny,Whenham,cwhenham45@techcrunch.com
Rhonda,Capnor,rcapnor46@miitbeian.gov.cn
Prent,Lunnon,plunnon47@altervista.org
Ichabod,Kemston,ikemston48@ihg.com
Sidonia,Pengilley,spengilley49@e-recht24.de
Jori,Ribbens,jribbens4a@merriam-webster.com
Wilie,Birmingham,wbirmingham4b@illinois.edu
Giana,Lilliman,glilliman4c@miitbeian.gov.cn
Chelsae,Pabst,cpabst4d@abc.net.au
Pail,Rookesby,prookesby4e@123-reg.co.uk
Marybeth,Crisford,mcrisford4f@oaic.gov.au
Elia,Southwick,esouthwick4g@simplemachines.org
Sean,Tregust,stregust4h@bloglines.com
Dillie,Bellward,dbellward4i@dot.gov
Shantee,Merington,smerington4j@vistaprint.com
Franky,Mertsching,fmertsching4k@nationalgeographic.com
Jeth,Cowitz,jcowitz4l@ezinearticles.com
Darby,Lermouth,dlermouth4m@ucoz.ru
Adria,Bramford,abramford4n@ovh.net
Arin,Squelch,asquelch4o@smugmug.com
Laurianne,Devoy,ldevoy4p@gmpg.org
Carolee,Goozee,cgoozee4q@meetup.com
Sonja,Dines,sdines4r@weebly.com
Lillian,Doni,ldoni4s@mail.ru
Charmaine,Wittman,cwittman4t@csmonitor.com
Tabbi,Sandey,tsandey4u@patch.com
Jeannine,Yatman,jyatman4v@yandex.ru
Zebadiah,Housaman,zhousaman4w@chicagotribune.com
Janenna,Woodham,jwoodham4x@cocolog-nifty.com
Nerte,Haighton,nhaighton4y@dagondesign.com
Case,Domanski,cdomanski4z@smh.com.au
Cesare,Doone,cdoone50@answers.com
Ted,Trembley,ttrembley51@msu.edu
Viki,McKinstry,vmckinstry52@lycos.com
Lane,Dennistoun,ldennistoun53@nba.com
Nahum,Rogger,nrogger54@china.com.cn
Mehetabel,Fortie,mfortie55@godaddy.com
Humfried,Ciobotaro,hciobotaro56@about.me
Isiahi,Storry,istorry57@hc360.com
Isidoro,Double,idouble58@engadget.com
Goldarina,Carlo,gcarlo59@statcounter.com
Zach,Philipeaux,zphilipeaux5a@123-reg.co.uk
Sosanna,Wilbor,swilbor5b@ebay.co.uk
Shepperd,Issit,sissit5c@vkontakte.ru
Dallas,Bernhardt,dbernhardt5d@taobao.com
Sara,Works,sworks5e@cyberchimps.com
Ingunna,Sallans,isallans5f@github.io
Angelika,Good,agood5g@fotki.com
Corene,Phillcox,cphillcox5h@so-net.ne.jp
Hermann,Anstie,hanstie5i@thetimes.co.uk
Lishe,Pohling,lpohling5j@rediff.com
Hale,Lydford,hlydford5k@dell.com
Courtney,Cross,ccross5l@uiuc.edu
Nicki,Brodest,nbrodest5m@alibaba.com
Heda,Langworthy,hlangworthy5n@upenn.edu
Dierdre,Gimson,dgimson5o@gnu.org
Giffie,Atte-Stone,gattestone5p@xrea.com
Elwira,Garrold,egarrold5q@washington.edu
Mal,Rilston,mrilston5r@reference.com
Balduin,Helm,bhelm5s@skyrock.com
Ginevra,Lebel,glebel5t@bigcartel.com
Salomi,Lemery,slemery5u@chicagotribune.com
Marget,Hammel,mhammel5v@cdbaby.com
Dyana,Binder,dbinder5w@symantec.com
Arlen,Prestney,aprestney5x@yahoo.com
Mortie,Clement,mclement5y@amazonaws.com
Carr,Brozsset,cbrozsset5z@feedburner.com
Jena,Schellig,jschellig60@yale.edu
Ericha,Rhyme,erhyme61@amazon.de
Karoline,Aspy,kaspy62@omniture.com
Aime,Dugget,adugget63@fc2.com
Teddy,Clewlow,tclewlow64@sourceforge.net
Bordy,Thornham,bthornham65@theatlantic.com
Ileane,Prozillo,iprozillo66@ucla.edu
Talia,Lutsch,tlutsch67@soup.io
Gregorius,Buyers,gbuyers68@moonfruit.com
Julianna,Mixhel,jmixhel69@nsw.gov.au
Ealasaid,Rapps,erapps6a@mozilla.com
Adrea,Kell,akell6b@senate.gov
Kippy,Olivi,kolivi6c@nhs.uk
Nadean,Lumsdaine,nlumsdaine6d@slate.com
Don,Ryves,dryves6e@icio.us
Ashley,Stripp,astripp6f@oaic.gov.au
Kellen,Faraday,kfaraday6g@wunderground.com
Yank,Dowell,ydowell6h@newyorker.com
Shannah,Gladtbach,sgladtbach6i@smh.com.au
Nola,Herrero,nherrero6j@upenn.edu
Timmi,Kluss,tkluss6k@google.it
Dede,Durran,ddurran6l@wsj.com
Glad,Ivchenko,givchenko6m@eepurl.com
Orlan,Dronsfield,odronsfield6n@t.co
Keely,Gajownik,kgajownik6o@cargocollective.com
Edgard,McInnes,emcinnes6p@trellian.com
Marcelline,McQuarter,mmcquarter6q@businessweek.com
Meridith,Alanbrooke,malanbrooke6r@blogtalkradio.com
Ardeen,Eastam,aeastam6s@free.fr
Shayla,Sellack,ssellack6t@google.ca
Seymour,Jansie,sjansie6u@is.gd
Dori,Zaczek,dzaczek6v@icio.us
Barnaby,Danneil,bdanneil6w@skype.com
Kimmie,Falcus,kfalcus6x@census.gov
Gladi,Peplaw,gpeplaw6y@slate.com
Drona,Dulson,ddulson6z@aboutads.info
Rene,Wharby,rwharby70@marriott.com
Roberta,Langstone,rlangstone71@columbia.edu
Anni,McPhater,amcphater72@storify.com
Rosette,Breffit,rbreffit73@ed.gov
Gerladina,Darlison,gdarlison74@symantec.com
Ky,Kirkam,kkirkam75@statcounter.com
Katina,Boom,kboom76@themeforest.net
Mattheus,Begley,mbegley77@tiny.cc
Phaidra,Shepheard,pshepheard78@wunderground.com
Florette,Creebo,fcreebo79@usnews.com
Karlens,Grzeszczyk,kgrzeszczyk7a@sfgate.com
Tate,Genders,tgenders7b@theglobeandmail.com
Henriette,Frye,hfrye7c@webeden.co.uk
Berty,Muirden,bmuirden7d@biblegateway.com
Juanita,Janodet,jjanodet7e@i2i.jp
Brittani,Ackrill,backrill7f@jigsy.com
Phaidra,Nestoruk,pnestoruk7g@surveymonkey.com
Nikolaus,Furney,nfurney7h@blinklist.com
Rayna,Aven,raven7i@goo.gl
Christabel,Gittose,cgittose7j@barnesandnoble.com
Jabez,Hutchins,jhutchins7k@mayoclinic.com
Eolanda,Eisak,eeisak7l@bing.com
Wilfrid,Wenban,wwenban7m@dagondesign.com
Dasha,Bradford,dbradford7n@spotify.com
Sean,Prott,sprott7o@wikispaces.com
Rene,Robarts,rrobarts7p@apple.com
Rose,Klaes,rklaes7q@dailymail.co.uk
Abagail,Heinish,aheinish7r@umich.edu
Isac,Guirardin,iguirardin7s@mapquest.com
Bondon,Airy,bairy7t@statcounter.com
Rodolfo,Maasze,rmaasze7u@prweb.com
Wait,Realph,wrealph7v@msn.com
Cody,Pendleberry,cpendleberry7w@who.int
Aridatha,Minithorpe,aminithorpe7x@biglobe.ne.jp
Lebbie,Ivushkin,livushkin7y@people.com.cn
Tabby,Videler,tvideler7z@prlog.org
Nikki,McGaugie,nmcgaugie80@arizona.edu
Clim,Goolding,cgoolding81@youtu.be
Cirilo,McCartan,cmccartan82@mashable.com
Alejandra,Tapsell,atapsell83@shop-pro.jp
Adham,Crebbin,acrebbin84@ehow.com
Gerrie,Ivashnyov,givashnyov85@ycombinator.com
Lazar,Lyster,llyster86@timesonline.co.uk
Vinson,Heigold,vheigold87@gov.uk
Ulrike,Philbrook,uphilbrook88@imageshack.us
Rosabella,Grew,rgrew89@icq.com
Quintilla,Mc Queen,qmcqueen8a@live.com
Alf,Hardinge,ahardinge8b@home.pl
Rockie,Bracer,rbracer8c@google.co.uk
Hollie,Ghelarducci,hghelarducci8d@umn.edu
Gusty,Drinkall,gdrinkall8e@auda.org.au
Demetri,Traylen,dtraylen8f@telegraph.co.uk
Shela,Wakelam,swakelam8g@tripod.com
Farrell,Wisbey,fwisbey8h@lulu.com
Smitty,Gallagher,sgallagher8i@earthlink.net
Cal,Hallsworth,challsworth8j@sina.com.cn
Emmi,Roger,eroger8k@hao123.com
Sibyl,Glennard,sglennard8l@seattletimes.com
Cordi,Lowdes,clowdes8m@time.com
Alfredo,Farrer,afarrer8n@wikimedia.org
Dulcine,Scullard,dscullard8o@constantcontact.com
Daffy,Van der Krui,dvanderkrui8p@t.co
Rudolph,Misson,rmisson8q@ucoz.ru
Cirillo,MacGragh,cmacgragh8r@adobe.com
Pail,Cottill,pcottill8s@home.pl
Bambie,Di Meo,bdimeo8t@google.com.au
Myrna,Colton,mcolton8u@barnesandnoble.com
Shae,Yeskin,syeskin8v@boston.com
Katusha,Haugeh,khaugeh8w@army.mil
Raoul,Heersema,rheersema8x@dagondesign.com
Bradly,Ewestace,bewestace8y@xrea.com
Lenee,Juris,ljuris8z@w3.org
Korrie,Lingwood,klingwood90@devhub.com
Rosamund,Pavlasek,rpavlasek91@abc.net.au
Alard,Atchly,aatchly92@baidu.com
Sanson,Antoniutti,santoniutti93@printfriendly.com
Arie,Karolewski,akarolewski94@devhub.com
Verile,Woollhead,vwoollhead95@paginegialle.it
Karen,Ferrone,kferrone96@irs.gov
Zack,Tyce,ztyce97@liveinternet.ru
Brook,Schankelborg,bschankelborg98@go.com
Merlina,Lilley,mlilley99@liveinternet.ru
Ginnifer,Bliben,gbliben9a@comsenz.com
Sianna,Bradie,sbradie9b@amazon.com
Darryl,Antosch,dantosch9c@sphinn.com
Herby,Nottingham,hnottingham9d@blogs.com
Ardeen,Eckart,aeckart9e@nymag.com
Marena,Sweetnam,msweetnam9f@diigo.com
Maitilde,Smitham,msmitham9g@blogtalkradio.com
Storm,Coey,scoey9h@yellowbook.com
Kenton,Elcox,kelcox9i@networksolutions.com
Clara,Butterwick,cbutterwick9j@usa.gov
Celinka,Ludlem,cludlem9k@wikimedia.org
Augustina,MacCaughey,amaccaughey9l@nih.gov
Edmon,Kerbey,ekerbey9m@sun.com
Gavra,Corey,gcorey9n@shop-pro.jp
Kimbra,Ziehm,kziehm9o@sourceforge.net
Gerry,Poolton,gpoolton9p@nifty.com
Maddalena,Alcido,malcido9q@whitehouse.gov
Sim,Faulo,sfaulo9r@sogou.com
Violante,Weavers,vweavers9s@cam.ac.uk
Ruby,Hutley,rhutley9t@mail.ru
Tressa,Grave,tgrave9u@cdbaby.com
Koral,Manning,kmanning9v@merriam-webster.com
Otis,Allsepp,oallsepp9w@webnode.com
Donni,Dilston,ddilston9x@prnewswire.com
Maurits,Bilton,mbilton9y@youtu.be
Drona,Skey,dskey9z@dagondesign.com
Tricia,Yegorkin,tyegorkina0@sciencedirect.com
Corella,Pethybridge,cpethybridgea1@angelfire.com
Kasey,Hames,khamesa2@wiley.com
Freddie,Jaslem,fjaslema3@flavors.me
Silvain,Divine,sdivinea4@cnbc.com
Taddeo,Upton,tuptona5@wikipedia.org
Garwood,Surridge,gsurridgea6@sphinn.com
Ilse,Pizzey,ipizzeya7@google.com.br
Bondon,Marusik,bmarusika8@php.net
Simmonds,Featenby,sfeatenbya9@fc2.com
Randall,Scathard,rscathardaa@seesaa.net
Meg,Glavis,mglavisab@senate.gov
Urbanus,MacSorley,umacsorleyac@thetimes.co.uk
Verna,Matej,vmatejad@sohu.com
Mella,Freckingham,mfreckinghamae@people.com.cn
Christian,Hallick,challickaf@ted.com
Olly,Braddock,obraddockag@lycos.com
Sibbie,Gouldsmith,sgouldsmithah@phpbb.com
Nadiya,Kuhnert,nkuhnertai@google.ru
Vanya,Rembrant,vrembrantaj@friendfeed.com
Nessie,Maudlin,nmaudlinak@psu.edu
Lanita,Cockerton,lcockertonal@delicious.com
Lynett,Catmull,lcatmullam@reddit.com
Barb,Leathwood,bleathwoodan@nyu.edu
Bili,Hardwich,bhardwichao@wordpress.com
Irene,Plail,iplailap@netlog.com
Sylvester,Oehm,soehmaq@mashable.com
Cody,Basillon,cbasillonar@tinypic.com
Christiana,Beed,cbeedas@newyorker.com
Darlleen,Guitel,dguitelat@microsoft.com
Natale,Chadd,nchaddau@tuttocitta.it
Casar,Mattock,cmattockav@utexas.edu
Dennison,Smoughton,dsmoughtonaw@businessweek.com
Aeriel,Ghidoni,aghidoniax@engadget.com
Nada,Sambath,nsambathay@instagram.com
Tailor,Aleksandrov,taleksandrovaz@tamu.edu
Leroy,Dougary,ldougaryb0@youtube.com
Olag,Pitkaithly,opitkaithlyb1@google.com.br
Virgie,Redman,vredmanb2@nyu.edu
Melinda,Bartlomiejczyk,mbartlomiejczykb3@opera.com
Austine,Kaveney,akaveneyb4@ask.com
Lauretta,Juckes,ljuckesb5@auda.org.au
Garner,Micklewicz,gmicklewiczb6@earthlink.net
Northrup,Clac,nclacb7@google.com
Alix,Radsdale,aradsdaleb8@jugem.jp
Jacinda,Elwood,jelwoodb9@indiegogo.com
Shani,Alecock,salecockba@sun.com
Irina,Greenhough,igreenhoughbb@tumblr.com
Randee,Aspden,raspdenbc@amazon.de
Cazzie,Bavin,cbavinbd@xinhuanet.com
Mandie,Degg,mdeggbe@noaa.gov
Vonnie,Vedenyapin,vvedenyapinbf@mediafire.com
Abbye,Gorger,agorgerbg@vimeo.com
Layne,Coventon,lcoventonbh@sitemeter.com
Muffin,Oliva,molivabi@printfriendly.com
Darrell,Hagergham,dhagerghambj@pcworld.com
Brod,Bouller,bboullerbk@dell.com
Ellissa,Fruin,efruinbl@domainmarket.com
Carline,Vallis,cvallisbm@furl.net
Conway,Hankin,chankinbn@jigsy.com
Roobbie,Merlin,rmerlinbo@wired.com
Mariana,Sutherby,msutherbybp@bigcartel.com
Tymothy,Prier,tprierbq@dion.ne.jp
Ingaberg,Reimers,ireimersbr@youku.com
Alecia,Pycock,apycockbs@google.co.uk
Rhona,Davidowsky,rdavidowskybt@hugedomains.com
Emelita,Skelhorn,eskelhornbu@instagram.com
Hendrik,Brizell,hbrizellbv@youtu.be
Hernando,Cuddon,hcuddonbw@nifty.com
Port,Burness,pburnessbx@mtv.com
Lucien,Sibyllina,lsibyllinaby@themeforest.net
Esdras,Normanville,enormanvillebz@amazon.de
Shirley,Nutt,snuttc0@squarespace.com
Linzy,Meharry,lmeharryc1@dyndns.org
Staffard,Cockitt,scockittc2@acquirethisname.com
Klaus,Kyngdon,kkyngdonc3@accuweather.com
Eugen,Abbati,eabbatic4@upenn.edu
Arliene,Kettlestring,akettlestringc5@goo.gl
Arvie,Aronow,aaronowc6@cocolog-nifty.com
Eugenius,Mussen,emussenc7@opensource.org
Kayne,Ciotti,kciottic8@so-net.ne.jp
Archibold,Joncic,ajoncicc9@csmonitor.com
Maris,Joselevitch,mjoselevitchca@go.com
Cordula,Gateshill,cgateshillcb@google.pl
Gayler,Mariette,gmariettecc@columbia.edu
Emogene,Le Bosse,elebossecd@dot.gov
Cynthy,Cornillot,ccornillotce@netvibes.com
Randy,Shearsby,rshearsbycf@merriam-webster.com
Alberik,Sevin,asevincg@wired.com
Cary,Scrowson,cscrowsonch@statcounter.com
Omero,Marham,omarhamci@yellowbook.com
Sergei,Spikins,sspikinscj@zdnet.com
Malynda,Zack,mzackck@multiply.com
Siffre,Hacksby,shacksbycl@loc.gov
Amie,Eingerfield,aeingerfieldcm@miibeian.gov.cn
Salomone,Isaak,sisaakcn@google.co.jp
Fons,Yearby,fyearbyco@tumblr.com
Darius,Matveichev,dmatveichevcp@hugedomains.com
Tommie,Killingsworth,tkillingsworthcq@nba.com
Ardelle,Druery,adruerycr@livejournal.com
Bourke,O'Mara,bomaracs@ovh.net
Minny,Ferne,mfernect@people.com.cn
Mallory,Longmuir,mlongmuircu@sohu.com
Alidia,Risbie,arisbiecv@desdev.cn
Richie,Ives,rivescw@chicagotribune.com
Matias,Burnsell,mburnsellcx@i2i.jp
Tomas,O'Bradane,tobradanecy@uiuc.edu
Arleyne,Henzer,ahenzercz@constantcontact.com
Codi,Plane,cplaned0@seesaa.net
Laurice,Beaglehole,lbeagleholed1@live.com
Alyosha,Dart,adartd2@geocities.com
Antonie,Hinnerk,ahinnerkd3@slashdot.org
Thurstan,MacCombe,tmaccombed4@cnbc.com
Marthena,Eykel,meykeld5@epa.gov
Miriam,Yarrall,myarralld6@printfriendly.com
El,McGreil,emcgreild7@tinypic.com
Kelly,Roches,krochesd8@weather.com
Dallas,MacLaren,dmaclarend9@theguardian.com
Sheilakathryn,Digance,sdiganceda@goo.gl
Jeramey,Danter,jdanterdb@csmonitor.com
Selma,Lorenc,slorencdc@dion.ne.jp
Corbie,Seamen,cseamendd@reuters.com
Siffre,Muneely,smuneelyde@shutterfly.com
Alistair,Drinan,adrinandf@ifeng.com
Arni,Tothacot,atothacotdg@cdbaby.com
Alma,Dymott,adymottdh@ustream.tv
Valentino,Chennells,vchennellsdi@mashable.com
Letty,Yanson,lyansondj@sphinn.com
Bebe,Bleeze,bbleezedk@github.io
Scarface,Simmank,ssimmankdl@nih.gov
Kerstin,Glyne,kglynedm@sphinn.com
Therese,Kidder,tkidderdn@hostgator.com
Rudolph,Linsay,rlinsaydo@altervista.org
Jefferey,Iwanowicz,jiwanowiczdp@opera.com
Alonso,Wingatt,awingattdq@cargocollective.com
Lewes,Langthorne,llangthornedr@wufoo.com
Dorolice,Sterry,dsterryds@gravatar.com
Alyss,Jagels,ajagelsdt@alibaba.com
Stephani,Dickson,sdicksondu@chronoengine.com
Talbot,Deakan,tdeakandv@tripadvisor.com
Clovis,Blues,cbluesdw@cnet.com
Augie,Bumby,abumbydx@ft.com
Adella,Christol,achristoldy@reddit.com
Retha,Soppitt,rsoppittdz@ucla.edu
Mireille,Grayshon,mgrayshone0@rediff.com
Nisse,Gladwin,ngladwine1@yandex.ru
Roseline,Perelli,rperellie2@rakuten.co.jp
Klemens,Pettyfer,kpettyfere3@exblog.jp
Sianna,Binge,sbingee4@deviantart.com
Thomas,Reaney,treaneye5@elpais.com
Eugine,Fairney,efairneye6@google.es
Christy,Aiken,caikene7@intel.com
Cathleen,Chicchetto,cchicchettoe8@networksolutions.com
Mallory,Lunk,mlunke9@yahoo.co.jp
Heda,Bazoche,hbazocheea@mit.edu
Trstram,Kleinsmuntz,tkleinsmuntzeb@jugem.jp
Constanta,Peregrine,cperegrineec@army.mil
Olia,Woolatt,owoolatted@dagondesign.com
Abram,Torns,atornsee@constantcontact.com
Judye,Balser,jbalseref@wp.com
Hedwig,Tolworthie,htolworthieeg@arstechnica.com
Anallese,Beekmann,abeekmanneh@ask.com
Kendre,Arnaudot,karnaudotei@virginia.edu
Austen,Fisby,afisbyej@senate.gov
Francesco,Stuer,fstuerek@samsung.com
Bowie,Heavy,bheavyel@wordpress.org
Trefor,Blockey,tblockeyem@comcast.net
Lek,Fellman,lfellmanen@github.io
Floria,Ricards,fricardseo@etsy.com
Josee,Dainty,jdaintyep@mediafire.com
Lilah,Droghan,ldroghaneq@guardian.co.uk
Collete,Lownie,clownieer@sbwire.com
Yehudit,Vern,yvernes@washingtonpost.com
Vittorio,Abthorpe,vabthorpeet@vimeo.com
Orelle,Perryman,operrymaneu@smugmug.com
Karalee,Wadley,kwadleyev@livejournal.com
Valentine,Mogford,vmogfordew@goo.ne.jp
Way,Hulme,whulmeex@rambler.ru
Debera,Penddreth,dpenddrethey@foxnews.com
Kirbee,Poutress,kpoutressez@sfgate.com
Carmelita,Stanfield,cstanfieldf0@woothemes.com
Torre,Reavey,treaveyf1@usatoday.com
Abby,McMurrugh,amcmurrughf2@weebly.com
Bink,Birts,bbirtsf3@yelp.com
Atlanta,Easbie,aeasbief4@bbc.co.uk
Morie,Triswell,mtriswellf5@yahoo.com
Lennie,Bridges,lbridgesf6@mlb.com
Terri-jo,Bellefant,tbellefantf7@springer.com
Zita,Romagosa,zromagosaf8@bandcamp.com
Garrott,Youel,gyouelf9@cocolog-nifty.com
Alaric,Dwyer,adwyerfa@indiegogo.com
Courtney,Chauvey,cchauveyfb@salon.com
Maighdiln,O'Crevan,mocrevanfc@arstechnica.com
Ailina,Lamartine,alamartinefd@domainmarket.com
Dasya,Salasar,dsalasarfe@mashable.com
Dani,Padula,dpadulaff@hubpages.com
Joline,Poel,jpoelfg@delicious.com
Olympie,Chezier,ochezierfh@canalblog.com
Devlen,Kuhnert,dkuhnertfi@networksolutions.com
Johann,Heakins,jheakinsfj@archive.org
Farleigh,Lantuff,flantufffk@blogtalkradio.com
Cristiano,Holttom,cholttomfl@histats.com
Urbain,Anderson,uandersonfm@dell.com
Aldridge,Bare,abarefn@arstechnica.com
Haskell,O'Scannill,hoscannillfo@unesco.org
Euell,Hedon,ehedonfp@wufoo.com
Aland,Rodell,arodellfq@springer.com
Ali,Perris,aperrisfr@dailymail.co.uk
Heida,Halbert,hhalbertfs@wiley.com
Lura,Renahan,lrenahanft@businessinsider.com
Crosby,Mattke,cmattkefu@cbslocal.com
Othilia,Stuffins,ostuffinsfv@bizjournals.com
Thurston,Klagges,tklaggesfw@tripod.com
Alica,Cotsford,acotsfordfx@i2i.jp
Fidelio,Wastell,fwastellfy@ucoz.ru
Kati,MacConnell,kmacconnellfz@yelp.com
Osbourn,Clever,ocleverg0@phpbb.com
Gunter,Shackelton,gshackeltong1@discovery.com
Rafaellle,Wogden,rwogdeng2@toplist.cz
Carmelle,Quillinane,cquillinaneg3@msu.edu
Raine,MacIlhargy,rmacilhargyg4@tinyurl.com
Brander,Furze,bfurzeg5@hostgator.com
Sibella,Grix,sgrixg6@indiatimes.com
Alyosha,Jowett,ajowettg7@fda.gov
Fredericka,Coslett,fcoslettg8@cisco.com
Galina,Hellings,ghellingsg9@hibu.com
Leonard,Corthes,lcorthesga@guardian.co.uk
Marie-ann,Piell,mpiellgb@myspace.com
Anjanette,Kidney,akidneygc@163.com
Cthrine,Copley,ccopleygd@utexas.edu
Mathias,Kike,mkikege@china.com.cn
Felix,Roff,froffgf@ovh.net
Ursala,Doerren,udoerrengg@elpais.com
Armin,Djurdjevic,adjurdjevicgh@cnn.com
Ansley,Seegar,aseegargi@trellian.com
Emlen,Absolom,eabsolomgj@wufoo.com
Alene,Newvell,anewvellgk@stumbleupon.com
Lib,Semour,lsemourgl@cbc.ca
Karmen,Gaspard,kgaspardgm@discuz.net
Erica,Skeermor,eskeermorgn@aol.com
Iormina,Bonas,ibonasgo@psu.edu
Jim,Domoney,jdomoneygp@illinois.edu
Lyndy,Spurway,lspurwaygq@alibaba.com
Carlen,Marioneau,cmarioneaugr@illinois.edu
Hedvig,Mattersey,hmatterseygs@forbes.com
Murdoch,Pengelly,mpengellygt@hubpages.com
Gaston,Tonnesen,gtonnesengu@sitemeter.com
Doralynn,Kunzelmann,dkunzelmanngv@rambler.ru
Reinold,Rabbet,rrabbetgw@cargocollective.com
Sondra,Westphal,swestphalgx@edublogs.org
Tris,Callum,tcallumgy@prnewswire.com
Worthy,Baltrushaitis,wbaltrushaitisgz@1688.com
Adan,Rogeon,arogeonh0@bbc.co.uk
Douglas,Pauly,dpaulyh1@cam.ac.uk
Winston,Artz,wartzh2@pen.io
Gardener,Romanelli,gromanellih3@house.gov
Elfreda,Gurko,egurkoh4@quantcast.com
Sonni,O'Dogherty,sodoghertyh5@tumblr.com
Wash,Asquez,wasquezh6@t.co
Cyrill,Yarmouth,cyarmouthh7@auda.org.au
Aldridge,Bean,abeanh8@ibm.com
Ondrea,Reggio,oreggioh9@google.es
Barnabas,Ormonde,bormondeha@marketwatch.com
Tucky,Aisman,taismanhb@zimbio.com
Reggie,Shotboult,rshotboulthc@gizmodo.com
Sarajane,Redborn,sredbornhd@topsy.com
Lora,Dreus,ldreushe@bizjournals.com
Jeffie,Benito,jbenitohf@nhs.uk
Mozes,Willcott,mwillcotthg@upenn.edu
Darline,Blancowe,dblancowehh@rediff.com
Honoria,Gibbon,hgibbonhi@vimeo.com
Nikita,Searchfield,nsearchfieldhj@squarespace.com
Worden,Wilsone,wwilsonehk@naver.com
Krystalle,Fiddyment,kfiddymenthl@ezinearticles.com
Micheil,Illston,millstonhm@nba.com
Debor,Benda,dbendahn@prlog.org
Wally,Van Hault,wvanhaultho@miibeian.gov.cn
Janifer,Joslin,jjoslinhp@domainmarket.com
Bernhard,Whitnall,bwhitnallhq@vistaprint.com
Enrica,Balffye,ebalffyehr@hexun.com
Lian,Oldnall,loldnallhs@cafepress.com
Zarah,Nashe,znasheht@networksolutions.com
Elva,Klulicek,eklulicekhu@taobao.com
Nani,Adrien,nadrienhv@unc.edu
Arielle,Deschlein,adeschleinhw@va.gov
Julio,Smiths,jsmithshx@cnet.com
Barbaraanne,Braunlein,bbraunleinhy@tuttocitta.it
Drake,Brennand,dbrennandhz@pbs.org
Gabbie,Berthe,gberthei0@topsy.com
Peggie,Androck,pandrocki1@dagondesign.com
Sean,Curley,scurleyi2@soup.io
Charmain,Chadwick,cchadwicki3@163.com
Natty,Blondell,nblondelli4@apple.com
Tate,Gerardi,tgerardii5@wsj.com
Thorn,Braisby,tbraisbyi6@irs.gov
Marmaduke,Kesper,mkesperi7@ucoz.com
Bea,Reader,breaderi8@hexun.com
Briant,Pearn,bpearni9@huffingtonpost.com
Holly-anne,Gaudon,hgaudonia@bigcartel.com
Lev,Crumbie,lcrumbieib@oakley.com
Faulkner,Kibbye,fkibbyeic@slate.com
Armin,Yokley,ayokleyid@reddit.com
Nike,Pirkis,npirkisie@merriam-webster.com
Marthe,Croney,mcroneyif@google.it
Bink,Brind,bbrindig@gov.uk
Mirella,Wing,mwingih@is.gd
Jamill,Duval,jduvalii@forbes.com
Sergio,Springthorp,sspringthorpij@hexun.com
Thekla,Bertl,tbertlik@goo.ne.jp
Clyde,Oyley,coyleyil@unblog.fr
Terrel,Rossborough,trossboroughim@blogspot.com
Delbert,Tother,dtotherin@google.ca
Leonardo,Dunkirk,ldunkirkio@hp.com
Bonnibelle,Culter,bculterip@cam.ac.uk
Connie,Nadin,cnadiniq@purevolume.com
Estella,Cohen,ecohenir@infoseek.co.jp
Ardine,Pie,apieis@squarespace.com
Gary,Muttock,gmuttockit@smh.com.au
Alverta,Petrussi,apetrussiiu@slate.com
Hilton,Morrel,hmorreliv@tumblr.com
Wallie,McCrachen,wmccracheniw@google.nl
Bobbi,Prawle,bprawleix@mail.ru
Tedra,Wraighte,twraighteiy@drupal.org
Godiva,Peake,gpeakeiz@elpais.com
Emylee,Summerly,esummerlyj0@addtoany.com
Ewan,Waiting,ewaitingj1@artisteer.com
Mayor,Digance,mdigancej2@patch.com
Ginny,Durant,gdurantj3@t-online.de
Leontyne,Walklot,lwalklotj4@elpais.com
Vlad,Meeke,vmeekej5@vinaora.com
Leesa,Gumbrell,lgumbrellj6@wikimedia.org
Maximilien,Behnen,mbehnenj7@creativecommons.org
Rosaline,Sedgemore,rsedgemorej8@stumbleupon.com
Raven,Whitloe,rwhitloej9@dell.com
Ketti,Passy,kpassyja@webs.com
Merralee,Aizikovitch,maizikovitchjb@boston.com
Bethina,Lissandre,blissandrejc@nsw.gov.au
Emilee,Redshaw,eredshawjd@is.gd
Artur,Coyte,acoyteje@wufoo.com
Fulvia,Beckford,fbeckfordjf@slideshare.net
Darius,Brecon,dbreconjg@upenn.edu
Nydia,Wenman,nwenmanjh@tinypic.com
Keelby,Landreth,klandrethji@tripod.com
Burk,Bradock,bbradockjj@goo.ne.jp
Haslett,Habron,hhabronjk@mediafire.com
Tracie,Grandisson,tgrandissonjl@macromedia.com
Goran,Vautrey,gvautreyjm@abc.net.au
Morten,Gallaher,mgallaherjn@salon.com
Vasili,Southwood,vsouthwoodjo@latimes.com
Vanessa,Louiset,vlouisetjp@trellian.com
Tammy,Malin,tmalinjq@com.com
Audrie,Ygoe,aygoejr@deviantart.com
Arlyne,O'Loghlen,aologhlenjs@bloglovin.com
Drew,Vannah,dvannahjt@vinaora.com
Nollie,Reddyhoff,nreddyhoffju@behance.net
Blisse,Dran,bdranjv@twitter.com
Dominick,Hundey,dhundeyjw@theglobeandmail.com
Connie,Sturte,csturtejx@hostgator.com
Otis,Whellans,owhellansjy@imdb.com
Donall,Becerro,dbecerrojz@prweb.com
Edmon,McElwee,emcelweek0@google.pl
Jourdan,Hamshar,jhamshark1@java.com
Ellynn,Uden,eudenk2@bizjournals.com
Jemmie,Casella,jcasellak3@salon.com
Alta,Fardy,afardyk4@samsung.com
Kettie,Porritt,kporrittk5@jugem.jp
Dyanna,Oxbe,doxbek6@mac.com
Chryste,McAlinden,cmcalindenk7@cpanel.net
Ettie,McMeekan,emcmeekank8@macromedia.com
Anatollo,Dedon,adedonk9@google.de
Tasia,O' Ronan,toronanka@ezinearticles.com
Persis,Eastmond,peastmondkb@amazon.de
Whitney,Pettis,wpettiskc@cnbc.com
Isac,Goshawke,igoshawkekd@webnode.com
Prue,Westoff,pwestoffke@mediafire.com
Myca,Kapiloff,mkapiloffkf@goo.gl
Clarette,Ennever,cenneverkg@army.mil
Phil,Rathe,prathekh@tamu.edu
Teddie,Freemantle,tfreemantleki@newsvine.com
Pepe,Zanitti,pzanittikj@nydailynews.com
Dorise,Slograve,dslogravekk@godaddy.com
Lemar,McGaraghan,lmcgaraghankl@booking.com
Sal,Fockes,sfockeskm@seesaa.net
Ebony,Haw,ehawkn@biglobe.ne.jp
Anjanette,Geillier,ageillierko@java.com
Caryl,Fraine,cfrainekp@webs.com
Ernest,Mougin,emouginkq@infoseek.co.jp
Elsa,Forkan,eforkankr@parallels.com
Bunnie,Curgenven,bcurgenvenks@blogs.com
Verina,Spondley,vspondleykt@deviantart.com
Vassili,Peckham,vpeckhamku@elpais.com
Melitta,Balhatchet,mbalhatchetkv@hexun.com
Louisa,Napoli,lnapolikw@linkedin.com
Angeli,Philot,aphilotkx@mediafire.com
Megen,Sturr,msturrky@elpais.com
Verina,Shorthill,vshorthillkz@weebly.com
Hastie,Billanie,hbillaniel0@hugedomains.com
Dun,Conkling,dconklingl1@home.pl
Lancelot,Ouver,louverl2@blogspot.com
Joane,Gamble,jgamblel3@upenn.edu
Tabor,Tippler,ttipplerl4@gmpg.org
Lanny,Galway,lgalwayl5@state.gov
Charley,Pringour,cpringourl6@ocn.ne.jp
Peri,Trotter,ptrotterl7@tiny.cc
Erv,Varfolomeev,evarfolomeevl8@gnu.org
Ryan,Semens,rsemensl9@shinystat.com
Peria,Geeve,pgeevela@answers.com
Eustace,Seed,eseedlb@flavors.me
Nikita,Rehn,nrehnlc@walmart.com
Malia,Trime,mtrimeld@mac.com
Holmes,Bolus,hbolusle@home.pl
Elihu,Elven,eelvenlf@dagondesign.com
Dominik,MacAndreis,dmacandreislg@elegantthemes.com
Nertie,Leynham,nleynhamlh@goo.gl
Lidia,Dabnot,ldabnotli@seesaa.net
Gerri,Kettleson,gkettlesonlj@washingtonpost.com
Kania,Dartnell,kdartnelllk@multiply.com
Rock,Bierton,rbiertonll@va.gov
Adriano,McCole,amccolelm@biglobe.ne.jp
Henka,Fiddyment,hfiddymentln@nbcnews.com
Den,Ivatts,divattslo@apache.org
Antonetta,Pardie,apardielp@rambler.ru
Ravid,Safont,rsafontlq@bbc.co.uk
Kristel,Filintsev,kfilintsevlr@usatoday.com
Zulema,Cabotto,zcabottols@sogou.com
Francisco,Costard,fcostardlt@mit.edu
Mable,Clara,mclaralu@mapquest.com
Leandra,Birkett,lbirkettlv@indiegogo.com
Bran,Davison,bdavisonlw@about.me
Karole,Gwinnett,kgwinnettlx@miitbeian.gov.cn
Eolanda,Larmouth,elarmouthly@cpanel.net
Leslie,Hawket,lhawketlz@google.co.jp
Thom,Godar,tgodarm0@reddit.com
Herminia,Lichfield,hlichfieldm1@biglobe.ne.jp
Josiah,Anton,jantonm2@woothemes.com
Bambie,Mannering,bmanneringm3@bigcartel.com
Lenna,Ragsdale,lragsdalem4@mac.com
Philippe,Kasman,pkasmanm5@furl.net
Gilli,Henrys,ghenrysm6@live.com
Moritz,Schwartz,mschwartzm7@xinhuanet.com
Cammi,Danks,cdanksm8@woothemes.com
Helenelizabeth,Trude,htrudem9@weebly.com
Leigh,Freschini,lfreschinima@addtoany.com
Carl,Fagence,cfagencemb@spiegel.de
Korey,Ghioni,kghionimc@cisco.com
Felicio,Bunclark,fbunclarkmd@cyberchimps.com
Modestia,Duguid,mduguidme@biblegateway.com
Scot,Capstack,scapstackmf@nature.com
Misti,Gready,mgreadymg@sitemeter.com
Howie,Liversedge,hliversedgemh@state.tx.us
Lyndsay,Rathborne,lrathbornemi@pbs.org
John,Tunsley,jtunsleymj@macromedia.com
Hadrian,Farbrace,hfarbracemk@usa.gov
Samaria,Goldup,sgoldupml@mozilla.org
Oralla,Portingale,oportingalemm@de.vu
Kylie,Dearnly,kdearnlymn@plala.or.jp
Alessandro,Wheelhouse,awheelhousemo@cam.ac.uk
Antone,Kershaw,akershawmp@oaic.gov.au
Luciana,Costi,lcostimq@goo.gl
Coral,Winham,cwinhammr@youtube.com
Saunder,Matuszynski,smatuszynskims@china.com.cn
Vasilis,Vardon,vvardonmt@google.de
Vachel,Wickey,vwickeymu@friendfeed.com
Barbette,McMahon,bmcmahonmv@jugem.jp
Fanni,Mieville,fmievillemw@google.com
Shawn,Terbrugge,sterbruggemx@unc.edu
Terza,Slimmon,tslimmonmy@cnn.com
Jeane,Bruhnke,jbruhnkemz@stumbleupon.com
Alley,Dowden,adowdenn0@webs.com
Keelia,Haxell,khaxelln1@dyndns.org
Georgianna,Swarbrigg,gswarbriggn2@blinklist.com
Peri,McHugh,pmchughn3@ovh.net
Yankee,Garric,ygarricn4@mail.ru
Faustine,Ellen,fellenn5@wix.com
Garrard,Carah,gcarahn6@dmoz.org
Helge,Murray,hmurrayn7@csmonitor.com
Mozelle,Garbett,mgarbettn8@oaic.gov.au
Dory,Fancy,dfancyn9@infoseek.co.jp
Garrik,Kilgallon,gkilgallonna@imageshack.us
Afton,Axelbee,aaxelbeenb@people.com.cn
Sandi,Salmoni,ssalmoninc@arizona.edu
Alvin,Wasling,awaslingnd@psu.edu
Donetta,Reuter,dreuterne@soundcloud.com
Orv,Fer,ofernf@huffingtonpost.com
Neddy,Lydden,nlyddenng@discuz.net
Art,Ionesco,aionesconh@opensource.org
Dedie,Portress,dportressni@usgs.gov
Lianna,Shulver,lshulvernj@imageshack.us
Ricard,Greaves,rgreavesnk@foxnews.com
Kendricks,Deeley,kdeeleynl@amazon.com
Orlan,Agate,oagatenm@loc.gov
Arel,Sambells,asambellsnn@sfgate.com
Marleen,Mulcaster,mmulcasterno@gmpg.org
Roseanne,Prys,rprysnp@spiegel.de
Leroi,Wainscot,lwainscotnq@jimdo.com
Brewster,Matteoni,bmatteoninr@myspace.com
Ermentrude,Jales,ejalesns@nbcnews.com
Aviva,Woodson,awoodsonnt@phoca.cz
Dal,McWhin,dmcwhinnu@sphinn.com
Venus,Wildbore,vwildborenv@eepurl.com
Emma,Earthfield,eearthfieldnw@vinaora.com
Amber,Wharrier,awharriernx@sitemeter.com
Andrea,Duly,adulyny@stanford.edu
Shirlee,Cancellieri,scancellierinz@eepurl.com
Bearnard,Harnor,bharnoro0@bing.com
Raddy,Gherardesci,rgherardescio1@altervista.org
Halli,Camell,hcamello2@i2i.jp
Philomena,Girhard,pgirhardo3@japanpost.jp
Brian,Gurg,bgurgo4@over-blog.com
Seth,Klus,skluso5@godaddy.com
Adoree,Mirralls,amirrallso6@mysql.com
Melodie,Jankin,mjankino7@yahoo.co.jp
Wendy,Greetland,wgreetlando8@nymag.com
Gideon,Dowd,gdowdo9@flavors.me
Lyn,Spalding,lspaldingoa@cbslocal.com
Geri,Ferrant,gferrantob@fema.gov
Tonie,Castleman,tcastlemanoc@mashable.com
Paola,Farriar,pfarriarod@examiner.com
Eward,Robley,erobleyoe@ask.com
Brita,Curedell,bcuredellof@desdev.cn
Zilvia,Hiscoke,zhiscokeog@reference.com
Phaidra,Greedy,pgreedyoh@behance.net
Mathias,Edgell,medgelloi@cnbc.com
Georgeanna,Matevosian,gmatevosianoj@ox.ac.uk
Carissa,Gullberg,cgullbergok@netlog.com
Wyatt,Staker,wstakerol@unesco.org
Augustina,Hurling,ahurlingom@flavors.me
Sheila,Bordiss,sbordisson@plala.or.jp
Derrik,O'Crowley,docrowleyoo@over-blog.com
Raleigh,Guitte,rguitteop@mysql.com
Merrie,Bradforth,mbradforthoq@adobe.com
Donnie,Goodlife,dgoodlifeor@youtube.com
Gui,Ferfulle,gferfulleos@paypal.com
Rosene,Leivesley,rleivesleyot@weebly.com
Cole,Giorgioni,cgiorgioniou@hostgator.com
Merwyn,Downage,mdownageov@youtu.be
Darcey,Folds,dfoldsow@goo.ne.jp
Malvina,Phelan,mphelanox@constantcontact.com
Orsa,Lapree,olapreeoy@hud.gov
Odell,Mouan,omouanoz@gov.uk
Colene,Sherville,cshervillep0@geocities.jp
Pauline,Acarson,pacarsonp1@psu.edu
Teodor,Oels,toelsp2@indiegogo.com
Izaak,Dyhouse,idyhousep3@acquirethisname.com
Kaylyn,Begley,kbegleyp4@amazon.com
Maryanne,Cridland,mcridlandp5@miitbeian.gov.cn
Lilith,Tollfree,ltollfreep6@tumblr.com
Clementia,Fludder,cfludderp7@smugmug.com
Herminia,Picard,hpicardp8@studiopress.com
Hansiain,Hain,hhainp9@yandex.ru
Vera,Maciocia,vmaciociapa@shutterfly.com
Forrester,Pidgeley,fpidgeleypb@merriam-webster.com
Frieda,Vakhlov,fvakhlovpc@mashable.com
Haven,Boundley,hboundleypd@github.com
Illa,Aysik,iaysikpe@hc360.com
Etta,Borghese,eborghesepf@ucoz.ru
Mahmud,Gabriel,mgabrielpg@yellowbook.com
Brocky,Breinlein,bbreinleinph@archive.org
Arleyne,Narracott,anarracottpi@de.vu
Sigismundo,Kryszkiecicz,skryszkieciczpj@china.com.cn
Wolf,Naisey,wnaiseypk@usa.gov
Horton,Bracco,hbraccopl@sciencedirect.com
Robbie,Corter,rcorterpm@twitpic.com
Keen,Harse,kharsepn@ezinearticles.com
Bettye,McCue,bmccuepo@feedburner.com
Willie,Deniso,wdenisopp@cargocollective.com
Gabriel,Maven,gmavenpq@netvibes.com
Cosetta,Josse,cjossepr@reference.com
Otho,Doley,odoleyps@arizona.edu
Carling,Pancost,cpancostpt@redcross.org
Eartha,Barkus,ebarkuspu@multiply.com
Jewel,Tebbitt,jtebbittpv@stanford.edu
Elizabet,Hanes,ehanespw@sciencedirect.com
Adan,Sines,asinespx@deviantart.com
Abraham,Westmerland,awestmerlandpy@example.com
Mordecai,Croome,mcroomepz@phoca.cz
Tanitansy,McOnie,tmconieq0@furl.net
Amelina,McCallum,amccallumq1@elegantthemes.com
Catrina,Chessman,cchessmanq2@qq.com
Alf,Shaxby,ashaxbyq3@altervista.org
Carey,Burden,cburdenq4@bbc.co.uk
Goraud,Peachment,gpeachmentq5@dailymail.co.uk
Fionna,Flowers,fflowersq6@bloomberg.com
Xavier,Blenkinship,xblenkinshipq7@state.gov
Elbertina,Waldocke,ewaldockeq8@skype.com
Katuscha,Jendrusch,kjendruschq9@parallels.com
Bank,Bazley,bbazleyqa@theatlantic.com
Marissa,Angrick,mangrickqb@sitemeter.com
Kiel,Stabler,kstablerqc@opera.com
Torey,Andreou,tandreouqd@cdbaby.com
Aleen,Balsdone,abalsdoneqe@deviantart.com
Christoph,Gravener,cgravenerqf@weibo.com
Verla,Goracci,vgoracciqg@amazon.de
Jeremiah,Wressell,jwressellqh@smh.com.au
Valry,Kellog,vkellogqi@networksolutions.com
Malorie,Mainston,mmainstonqj@wiley.com
Bette,Stebbings,bstebbingsqk@xing.com
Spense,De Filippo,sdefilippoql@histats.com
Judi,Lyne,jlyneqm@symantec.com
Rafe,Philipart,rphilipartqn@salon.com
Meara,Hucklesby,mhucklesbyqo@netscape.com
Cornie,Ely,celyqp@google.fr
Fabiano,Gonzalez,fgonzalezqq@java.com
Blakeley,Evelyn,bevelynqr@hao123.com
Jillene,Marcam,jmarcamqs@plala.or.jp
Lawry,Maryan,lmaryanqt@washingtonpost.com
Loydie,Tomaini,ltomainiqu@craigslist.org
Karolina,Jarrold,kjarroldqv@earthlink.net
Wilbur,Robottham,wrobotthamqw@sina.com.cn
Sharlene,Sindle,ssindleqx@apache.org
Harcourt,Yeats,hyeatsqy@fastcompany.com
Stacy,Laming,slamingqz@4shared.com
Adham,Milthorpe,amilthorper0@gizmodo.com
Cordelia,Worley,cworleyr1@free.fr
Elly,Seccombe,eseccomber2@nydailynews.com
Obediah,Holbie,oholbier3@studiopress.com
Jamal,Gardener,jgardenerr4@unesco.org
Odelinda,Meanwell,omeanwellr5@ocn.ne.jp
Dianna,Chastanet,dchastanetr6@wisc.edu
Bond,Solland,bsollandr7@boston.com
Tawsha,Falck,tfalckr8@cafepress.com
Zahara,Tender,ztenderr9@nps.gov
Amil,Forrestor,aforrestorra@symantec.com
Isak,Neligan,ineliganrb@dailymail.co.uk
Rebecka,Runciman,rruncimanrc@rakuten.co.jp
Clem,Cresswell,ccresswellrd@unicef.org
Adrianne,Marjoribanks,amarjoribanksre@sitemeter.com
Phylis,Allso,pallsorf@yellowpages.com
Celestina,Siberry,csiberryrg@studiopress.com
Darleen,Fossett,dfossettrh@skyrock.com
Inesita,Despenser,idespenserri@adobe.com
Silvia,Burkart,sburkartrj@goo.gl
Franchot,McBride,fmcbriderk@newsvine.com
Lev,Cheley,lcheleyrl@cam.ac.uk
Timmie,Eskriett,teskriettrm@squarespace.com
Chicky,Polly,cpollyrn@dagondesign.com
Nico,Antonutti,nantonuttiro@privacy.gov.au
Sheila,Spinello,sspinellorp@last.fm
Haily,Gammill,hgammillrq@networkadvertising.org
Nonie,Hyndson,nhyndsonrr@barnesandnoble.com
